,activity,id,ts,,,,,,,,,,,,,,,
0,1,3112,8,,,,,,,,,,,,,,,
1,2,3112,8,,,,,,,,,,,,,,,
4,buffer_out,3112,8,,,,,,,,,,,,,,,
2,1,3879,10,,,,,,,,,,,,,,,
3,3,3112,16,,,,,,,,,,,,,,,
5,2,3879,16,,,,,,,,,,,,,,,
6,1,9796,16,,,,,,,,,,,,,,,
8,buffer_out,3879,16,,,,,,,,,,,,,,,
12,buffer_out,9796,24,,,,,,,,,,,,,,,
10,1,7065,24,,,,,,,,,,,,,,,
7,3,3879,24,,,,,,,,,,,,,,,
9,2,9796,24,,,,,,,,,,,,,,,
11,3,9796,27,,,,,,,,,,,,,,,
13,2,7065,27,,,,,,,,,,,,,,,
15,buffer_out,7065,27,,,,,,,,,,,,,,,
14,3,7065,32,,,,,,,,,,,,,,,
20,buffer_out,7337,33,,,,,,,,,,,,,,,
16,1,7337,33,,,,,,,,,,,,,,,
17,2,7337,33,,,,,,,,,,,,,,,
18,1,5502,36,,,,,,,,,,,,,,,
24,buffer_out,5502,41,,,,,,,,,,,,,,,
22,1,8582,41,,,,,,,,,,,,,,,
19,3,7337,41,,,,,,,,,,,,,,,
21,2,5502,41,,,,,,,,,,,,,,,
23,3,5502,46,,,,,,,,,,,,,,,
25,2,8582,46,,,,,,,,,,,,,,,
26,1,1768,46,,,,,,,,,,,,,,,
28,buffer_out,8582,46,,,,,,,,,,,,,,,
27,3,8582,52,,,,,,,,,,,,,,,
29,2,1768,52,,,,,,,,,,,,,,,
32,buffer_out,1768,52,,,,,,,,,,,,,,,
30,1,7677,56,,,,,,,,,,,,,,,
36,buffer_out,7677,58,,,,,,,,,,,,,,,
34,1,2033,58,,,,,,,,,,,,,,,
31,3,1768,58,,,,,,,,,,,,,,,
33,2,7677,58,,,,,,,,,,,,,,,
35,3,7677,66,,,,,,,,,,,,,,,
37,2,2033,66,,,,,,,,,,,,,,,
39,buffer_out,2033,66,,,,,,,,,,,,,,,
38,3,2033,70,,,,,,,,,,,,,,,
